{
    "name": "Country",
    "fields": [
        {
            "fieldName": "countryName",
            "fieldType": "String"
        },
        {
            "fieldName": "region",
            "fieldType": "String"
        },
        {
            "fieldName": "city",
            "fieldType": "String"
        }
    ],
    "relationships": [
        {
            "relationshipType": "one-to-one",
            "otherEntityName": "location",
            "otherEntityRelationshipName": "country",
            "relationshipName": "location",
            "ownerSide": false
        },
        {
            "relationshipType": "one-to-one",
            "otherEntityName": "travelRoute",
            "otherEntityRelationshipName": "country",
            "relationshipName": "travelRoute",
            "ownerSide": false
        },
        {
            "relationshipType": "one-to-one",
            "otherEntityName": "userProfile",
            "otherEntityRelationshipName": "country",
            "relationshipName": "userProfile",
            "ownerSide": false
        }
    ],
    "changelogDate": "20200515120000",
    "entityTableName": "country",
    "dto": "no",
    "pagination": "pagination",
    "service": "serviceImpl",
    "jpaMetamodelFiltering": false,
    "fluentMethods": true,
    "readOnly": false,
    "embedded": false,
    "clientRootFolder": "",
    "applications": "*"
}