{
    "name": "Favorite",
    "fields": [
        {
            "fieldName": "like",
            "fieldType": "Boolean"
        },
        {
            "fieldName": "notLike",
            "fieldType": "Boolean"
        }
    ],
    "relationships": [
        {
            "relationshipType": "many-to-one",
            "otherEntityName": "travelRoute",
            "otherEntityRelationshipName": "favorite",
            "relationshipName": "travelRoute",
            "otherEntityField": "id"
        },
        {
            "relationshipType": "many-to-one",
            "otherEntityName": "userProfile",
            "otherEntityRelationshipName": "favorite",
            "relationshipName": "userProfile",
            "otherEntityField": "id"
        }
    ],
    "changelogDate": "20200515120800",
    "entityTableName": "favorite",
    "dto": "no",
    "pagination": "pagination",
    "service": "serviceImpl",
    "jpaMetamodelFiltering": false,
    "fluentMethods": true,
    "readOnly": false,
    "embedded": false,
    "clientRootFolder": "",
    "applications": "*"
}