{
    "name": "Location",
    "fields": [
        {
            "fieldName": "position",
            "fieldType": "Integer"
        },
        {
            "fieldName": "titleLocation",
            "fieldType": "String"
        },
        {
            "fieldName": "descriptionLocation",
            "fieldType": "String"
        },
        {
            "fieldName": "xCoordinate",
            "fieldType": "Float"
        },
        {
            "fieldName": "yCoordinate",
            "fieldType": "Float"
        },
        {
            "fieldName": "qrActivation",
            "fieldType": "Boolean"
        },
        {
            "fieldName": "qrDescription",
            "fieldType": "String"
        },
        {
            "fieldName": "createdAt",
            "fieldType": "LocalDate"
        },
        {
            "fieldName": "updatedAt",
            "fieldType": "LocalDate"
        },
        {
            "fieldName": "photoLocation",
            "fieldType": "Long"
        },
        {
            "fieldName": "photoLocationId",
            "fieldType": "Long"
        }
    ],
    "relationships": [
        {
            "relationshipType": "one-to-one",
            "otherEntityName": "country",
            "otherEntityRelationshipName": "location",
            "relationshipName": "country",
            "otherEntityField": "id",
            "ownerSide": true
        },
        {
            "relationshipType": "one-to-one",
            "otherEntityName": "photo",
            "otherEntityRelationshipName": "location",
            "relationshipName": "photo",
            "otherEntityField": "id",
            "ownerSide": true
        },
        {
            "relationshipType": "one-to-one",
            "otherEntityName": "qr",
            "otherEntityRelationshipName": "location",
            "relationshipName": "qr",
            "otherEntityField": "id",
            "ownerSide": true
        },
        {
            "relationshipType": "many-to-one",
            "otherEntityName": "travelRoute",
            "otherEntityRelationshipName": "location",
            "relationshipName": "travelRoute",
            "otherEntityField": "id"
        }
    ],
    "changelogDate": "20200515120100",
    "entityTableName": "location",
    "dto": "no",
    "pagination": "pagination",
    "service": "serviceImpl",
    "jpaMetamodelFiltering": false,
    "fluentMethods": true,
    "readOnly": false,
    "embedded": false,
    "clientRootFolder": "",
    "applications": "*"
}