<?xml version="1.0" encoding="utf-8"?>
<databaseChangeLog
    xmlns="http://www.liquibase.org/xml/ns/dbchangelog"
    xmlns:ext="http://www.liquibase.org/xml/ns/dbchangelog-ext"
    xmlns:xsi="http://www.w3.org/2001/XMLSchema-instance"
    xsi:schemaLocation="http://www.liquibase.org/xml/ns/dbchangelog http://www.liquibase.org/xml/ns/dbchangelog/dbchangelog-3.8.xsd
                        http://www.liquibase.org/xml/ns/dbchangelog-ext http://www.liquibase.org/xml/ns/dbchangelog/dbchangelog-ext.xsd">

        <property name="autoIncrement" value="true"/>

    <!--
        Added the entity Location.
    -->
    <changeSet id="20200515120100-1" author="jhipster">
        <createTable tableName="location">
            <column name="id" type="bigint" autoIncrement="${autoIncrement}">
                <constraints primaryKey="true" nullable="false"/>
            </column>
            <column name="position" type="integer">
                <constraints nullable="true" />
            </column>
            <column name="title_location" type="varchar(255)">
                <constraints nullable="true" />
            </column>
            <column name="description_location" type="varchar(255)">
                <constraints nullable="true" />
            </column>
            <column name="x_coordinate" type="${floatType}">
                <constraints nullable="true" />
            </column>
            <column name="y_coordinate" type="${floatType}">
                <constraints nullable="true" />
            </column>
            <column name="qr_activation" type="boolean">
                <constraints nullable="true" />
            </column>
            <column name="qr_description" type="varchar(255)">
                <constraints nullable="true" />
            </column>
            <column name="created_at" type="date">
                <constraints nullable="true" />
            </column>
            <column name="updated_at" type="date">
                <constraints nullable="true" />
            </column>
            <column name="photo_location" type="bigint">
                <constraints nullable="true" />
            </column>
            <column name="photo_location_id" type="bigint">
                <constraints nullable="true" />
            </column>
            <column name="country_id" type="bigint">
                <constraints unique="true" nullable="true" uniqueConstraintName="ux_location_country_id" />
            </column>
            <column name="photo_id" type="bigint">
                <constraints unique="true" nullable="true" uniqueConstraintName="ux_location_photo_id" />
            </column>
            <column name="qr_id" type="bigint">
                <constraints unique="true" nullable="true" uniqueConstraintName="ux_location_qr_id" />
            </column>
            <column name="travel_route_id" type="bigint">
                <constraints nullable="true" />
            </column>
            <!-- jhipster-needle-liquibase-add-column - JHipster will add columns here, do not remove-->
        </createTable>
    </changeSet>

    <changeSet id="20200515120100-1-relations" author="jhipster">

    </changeSet>
    <!-- jhipster-needle-liquibase-add-changeset - JHipster will add changesets here, do not remove-->

    <!--
        Load sample data generated with Faker.js
        - This data can be easily edited using a CSV editor (or even MS Excel) and
          is located in the 'src/main/resources/config/liquibase/fake-data' directory
        - By default this data is applied when running with the JHipster 'dev' profile.
          This can be customized by adding or removing 'faker' in the 'spring.liquibase.contexts'
          Spring Boot configuration key.
    -->
    <changeSet id="20200515120100-1-data" author="jhipster" context="faker">
        <loadData
                  file="config/liquibase/fake-data/location.csv"
                  separator=";"
                  tableName="location">
            <column name="id" type="numeric"/>
            <column name="position" type="numeric"/>
            <column name="title_location" type="string"/>
            <column name="description_location" type="string"/>
            <column name="x_coordinate" type="numeric"/>
            <column name="y_coordinate" type="numeric"/>
            <column name="qr_activation" type="boolean"/>
            <column name="qr_description" type="string"/>
            <column name="created_at" type="date"/>
            <column name="updated_at" type="date"/>
            <column name="photo_location" type="numeric"/>
            <column name="photo_location_id" type="numeric"/>
            <!-- jhipster-needle-liquibase-add-loadcolumn - JHipster (and/or extensions) can add load columns here, do not remove-->
        </loadData>
    </changeSet>

</databaseChangeLog>
