{
  "generator-jhipster": {
    "promptValues": {
      "packageName": "com.beroutesv"
    },
    "jhipsterVersion": "6.8.0",
    "applicationType": "monolith",
    "baseName": "BeRoutesV",
    "packageName": "com.beroutesv",
    "packageFolder": "com/beroutesv",
    "serverPort": "8080",
    "authenticationType": "jwt",
    "cacheProvider": "ehcache",
    "enableHibernateCache": true,
    "websocket": false,
    "databaseType": "sql",
    "devDatabaseType": "h2Disk",
    "prodDatabaseType": "mysql",
    "searchEngine": "elasticsearch",
    "messageBroker": false,
    "serviceDiscoveryType": false,
    "buildTool": "maven",
    "enableSwaggerCodegen": false,
    "jwtSecretKey": "ZTFlOWJiMGE3MjUwNWQ1YTYyY2JhNzkwMDJjYzZiMWJlYjg5YzY0NzU0YTEzNzZmZjFkYjlkOTQ0ZjZkNzYyNWZiZGM1NzI5NDAyODA0NGU1YjQ2NmM5YWZhYWIzMGFhN2NiY2U4MGZmZjQzYzlkZGMyOGZjZjQ1OWI5YWIzZTY=",
    "embeddableLaunchScript": false,
    "useSass": true,
    "clientPackageManager": "npm",
    "clientFramework": "angularX",
    "clientTheme": "none",
    "clientThemeVariant": "",
    "creationTimestamp": 1589028495194,
    "testFrameworks": [],
    "jhiPrefix": "jhi",
    "entitySuffix": "",
    "dtoSuffix": "DTO",
    "otherModules": [],
    "enableTranslation": false,
    "blueprints": []
  }
}
