{
    "name": "Following",
    "fields": [
        {
            "fieldName": "follow",
            "fieldType": "Boolean"
        },
        {
            "fieldName": "accepted",
            "fieldType": "Boolean"
        },
        {
            "fieldName": "userFollower",
            "fieldType": "Integer"
        },
        {
            "fieldName": "userFollowed",
            "fieldType": "Integer"
        }
    ],
    "relationships": [
        {
            "relationshipType": "many-to-one",
            "otherEntityName": "userProfile",
            "otherEntityRelationshipName": "following",
            "relationshipName": "userProfile",
            "otherEntityField": "id"
        }
    ],
    "changelogDate": "20200509130700",
    "entityTableName": "following",
    "dto": "no",
    "pagination": "pagination",
    "service": "serviceImpl",
    "jpaMetamodelFiltering": false,
    "fluentMethods": true,
    "readOnly": false,
    "embedded": false,
    "clientRootFolder": "",
    "applications": "*"
}