{
    "name": "UserProfile",
    "fields": [
        {
            "fieldName": "firstName",
            "fieldType": "String"
        },
        {
            "fieldName": "lastName",
            "fieldType": "String"
        },
        {
            "fieldName": "email",
            "fieldType": "String"
        },
        {
            "fieldName": "telephone",
            "fieldType": "Integer"
        },
        {
            "fieldName": "userName",
            "fieldType": "String"
        },
        {
            "fieldName": "password",
            "fieldType": "String"
        },
        {
            "fieldName": "age",
            "fieldType": "Integer"
        },
        {
            "fieldName": "biography",
            "fieldType": "String"
        },
        {
            "fieldName": "createdAt",
            "fieldType": "LocalDate"
        },
        {
            "fieldName": "updatedAt",
            "fieldType": "LocalDate"
        },
        {
            "fieldName": "follower",
            "fieldType": "Integer"
        },
        {
            "fieldName": "followed",
            "fieldType": "Integer"
        }
    ],
    "relationships": [
        {
            "relationshipType": "one-to-one",
            "otherEntityName": "country",
            "otherEntityRelationshipName": "userProfile",
            "relationshipName": "country",
            "otherEntityField": "id",
            "ownerSide": true
        },
        {
            "relationshipType": "one-to-one",
            "otherEntityName": "photo",
            "otherEntityRelationshipName": "userProfile",
            "relationshipName": "photo",
            "otherEntityField": "id",
            "ownerSide": true
        },
        {
            "relationshipType": "one-to-many",
            "otherEntityName": "travelRoute",
            "otherEntityRelationshipName": "userProfile",
            "relationshipName": "travelRoute"
        },
        {
            "relationshipType": "one-to-many",
            "otherEntityName": "valuation",
            "otherEntityRelationshipName": "userProfile",
            "relationshipName": "valuation"
        },
        {
            "relationshipType": "one-to-many",
            "otherEntityName": "following",
            "otherEntityRelationshipName": "userProfile",
            "relationshipName": "following"
        }
    ],
    "changelogDate": "20200509130600",
    "entityTableName": "user_profile",
    "dto": "no",
    "pagination": "pagination",
    "service": "serviceImpl",
    "jpaMetamodelFiltering": true,
    "fluentMethods": true,
    "readOnly": false,
    "embedded": false,
    "clientRootFolder": "",
    "applications": "*"
}