{
  "generator-jhipster": {
    "promptValues": {
      "packageName": "com.beroutes.jh"
    },
    "jhipsterVersion": "6.8.0",
    "applicationType": "monolith",
    "baseName": "BeRoutesJH",
    "packageName": "com.beroutes.jh",
    "packageFolder": "com/beroutes/jh",
    "serverPort": "8080",
    "authenticationType": "jwt",
    "cacheProvider": "ehcache",
    "enableHibernateCache": true,
    "websocket": false,
    "databaseType": "sql",
    "devDatabaseType": "h2Disk",
    "prodDatabaseType": "mysql",
    "searchEngine": "elasticsearch",
    "messageBroker": false,
    "serviceDiscoveryType": false,
    "buildTool": "maven",
    "enableSwaggerCodegen": false,
    "jwtSecretKey": "MTVhYjA3NDA3OWQ0YTUxNDc5ZDUzOGNmNTI4NjVjN2Y1ZTVkYWM0YTNiMTM4NjJlNGMzNWZhZmIwNTFmYmIwNzY4YzM1NzRkYzMyNWZmOTE2ZDk3ZmE0MjYzY2JjNTRiZDNmMjQ0NDkwMTZjMTM0ZDJiNWU3MTgzNGFjM2ViY2I=",
    "embeddableLaunchScript": false,
    "useSass": true,
    "clientPackageManager": "npm",
    "clientFramework": "angularX",
    "clientTheme": "none",
    "clientThemeVariant": "",
    "creationTimestamp": 1589540069005,
    "testFrameworks": [],
    "jhiPrefix": "jhi",
    "entitySuffix": "",
    "dtoSuffix": "DTO",
    "otherModules": [],
    "enableTranslation": false,
    "blueprints": []
  }
}
