id;step_position;title_location;description_location;x_coordinate;y_coordinate;step_duration;qr_description;created_at;updated_at
1;53222;cross-platform;Grocery haptic calculate;73788;22113;Ghana Games magnetic;Savings Account cross-platform Colombia;2020-04-30;2020-04-30
2;31083;e-enable feed;Wisconsin Frozen Forward;2812;82047;explicit Gold;harness port neural;2020-04-30;2020-04-30
3;41279;Bike parse;Car Granite stable;26331;61;Savings Account pink Steel;COM Concrete sky blue;2020-04-30;2020-04-30
4;85761;Sports Licensed European Unit of Account 17(E.U.A.-17);Refined Frozen Cheese Mali Orchestrator;12092;30459;Licensed Fresh Salad;open-source help-desk;2020-04-30;2020-04-30
5;85276;Illinois Business-focused;RAM Money Market Account;96594;54910;Austria;asynchronous invoice;2020-04-30;2020-04-30
6;78080;impactful infomediaries Martinique;deposit synthesize;64603;55826;fuchsia Technician;calculating Checking Account;2020-04-30;2020-04-30
7;6106;Stream cross-platform;online;39488;12962;auxiliary 1080p Track;Mauritius;2020-04-30;2020-04-30
8;41510;teal;full-range;98779;75688;Refined sky blue withdrawal;bus wireless Tuna;2020-04-30;2020-04-30
9;54379;Maine Fresh;Money Market Account Parks Granite;33157;97702;Gardens Automotive;Rapid viral extensible;2020-04-30;2020-04-30
10;81351;Strategist viral;approach compressing;39925;33805;Automotive PCI Checking Account;connect Maryland Ameliorated;2020-04-30;2020-04-30
