id;title_photo;description_photo;url_photo;image_route;image_route_content_type
1;ADP Mountain Metal;user-facing harness haptic;Chief Direct Security;../fake-data/blob/hipster.png;image/png
2;Sleek;Steel Zloty;Borders;../fake-data/blob/hipster.png;image/png
3;Security Mouse;Square 1080p;Toys;../fake-data/blob/hipster.png;image/png
4;bypassing Architect;Assurance Savings Account;generate Research;../fake-data/blob/hipster.png;image/png
5;Gorgeous Hat Brand;Credit Card Account azure Central;users olive;../fake-data/blob/hipster.png;image/png
6;Fish;Games virtual;Health;../fake-data/blob/hipster.png;image/png
7;payment;Money Market Account;Avon user-centric;../fake-data/blob/hipster.png;image/png
8;Tuna;West Virginia Liaison middleware;Direct Swaziland Alabama;../fake-data/blob/hipster.png;image/png
9;Fantastic Steel Fish;Hollow violet;access panel;../fake-data/blob/hipster.png;image/png
10;action-items Metal;Concrete;Poland Concrete Analyst;../fake-data/blob/hipster.png;image/png
