id;title_route;destination;season;budget;duration_summary;description_route_summary;description_route;created_at;updated_at
1;Producer action-items Money Market Account;Triple-buffered;WINTER;62206;Granite Awesome Cotton Soap salmon;card;indigo;2020-04-30;2020-04-30
2;virtual optimize facilitate;District foreground;SPRING;83600;Steel reinvent;mobile Rhode Island dynamic;Stream Brand solution;2020-04-30;2020-04-30
3;open-source;Beauty copy;SPRING;89504;reboot Generic mobile;website;exploit bandwidth;2020-04-30;2020-04-30
4;Metal payment withdrawal;content Rubber;SPRING;80501;open-source;Washington calculating;vortals Usability;2020-04-30;2020-04-30
5;New Mexico Cotton Licensed Wooden Fish;wireless Shoes pricing structure;SPRING;11606;payment cross-platform Rufiyaa;navigate THX;Fresh Accounts Future;2020-04-30;2020-04-30
6;array;systems;WINTER;67448;input Island;Borders;Horizontal Kroon Savings Account;2020-04-30;2020-04-30
7;Granite;Customer;SPRING;57904;magenta Checking Account Orchestrator;mindshare Networked Mississippi;Dynamic indexing;2020-04-30;2020-04-30
8;alarm back-end Consultant;engineer Borders Specialist;SPRING;23973;benchmark USB sensor;framework application generating;facilitate program Direct;2020-04-30;2020-04-30
9;upward-trending;Viaduct;SUMMER;80977;Plains;Steel azure;Crest;2020-04-30;2020-04-30
10;Credit Card Account;Ergonomic Fresh Ball evolve Incredible Concrete Bike;SPRING;14043;Shoes;Berkshire;withdrawal Optimized;2020-04-30;2020-04-30
