id;first_name;last_name;email;telephone;user_name;password;age;biography;created_at;updated_at
1;Braeden;West;Brooks35@gmail.com;7057;payment Canada Automotive;Avon;54376;Jersey;2020-04-30;2020-04-30
2;Kiley;Swaniawski;Mae95@yahoo.com;66754;Refined;analyzer;9060;De-engineered mission-critical Jewelery;2020-04-30;2020-04-30
3;Darren;Dare;Shayne3@gmail.com;27579;Sleek calculating synergize;deliverables proactive;90516;Regional gold partnerships;2020-04-30;2020-04-30
4;Lambert;Abshire;Daisy.Kunze@yahoo.com;39419;California;Path Profit-focused Accountability;1648;Fantastic French Guiana Ergonomic;2020-04-30;2020-04-30
5;Brandy;Cormier;Pierce_Botsford@yahoo.com;87559;Hat Way Small Fresh Shirt;Fully-configurable;22502;Seychelles;2020-04-30;2020-04-30
6;Yvonne;Fahey;Helena.Ondricka1@hotmail.com;26994;intermediate Maryland;Games generate Generic;728;pixel quantifying heuristic;2020-04-30;2020-04-30
7;Jeromy;Schaden;Nelda.Hegmann93@hotmail.com;97779;Parkways;Plastic payment Outdoors;16076;Bedfordshire Toys;2020-04-30;2020-04-30
8;Candelario;Keeling;Daisy_Kohler@gmail.com;42844;transmitter Jamaica;withdrawal bandwidth-monitored black;67392;black;2020-04-30;2020-04-30
9;Justus;Marks;Yoshiko76@gmail.com;2527;Metal International Borders;Cambridgeshire applications Myanmar;65244;Incredible;2020-04-30;2020-04-30
10;Brittany;Bruen;Justina21@gmail.com;26062;array;hardware;4963;Bedfordshire;2020-04-30;2020-04-30
