id;country_name;region;city
1;content backing up Usability;Division;South Gino
2;responsive Solomon Islands Dollar interface;actuating;South Geraldineton
3;Specialist interactive;even-keeled Tasty Norway;Othafurt
4;overriding;Plastic open-source;West Bryon
5;Tuna;Fresh;Lake Okeytown
6;RAM integrate;recontextualize;Purdyfurt
7;Gorgeous;Credit Card Account;North Rosestad
8;Exclusive Sharable Strategist;Money Market Account;Meghanfort
9;Movies Rubber;engineer;North Anahi
10;IB focus group;Direct Senegal;East Malliefort
