id;position;title_location;description_location;x_coordinate;y_coordinate;qr_activation;qr_description;created_at;updated_at;photo_location;photo_location_id
1;53222;cross-platform;Grocery haptic calculate;73788;22113;true;algorithm Pants;2020-05-09;2020-05-08;Soft back-end;19103
2;5581;installation e-enable feed;Wisconsin Frozen Forward;2812;82047;true;cross-platform;2020-05-08;2020-05-08;bricks-and-clicks Secured;78165
3;28874;e-markets Bike parse;Car Granite stable;26331;61;true;Concrete leading-edge;2020-05-09;2020-05-08;Delaware Diverse Northern Mariana Islands;69872
4;85761;Sports Licensed European Unit of Account 17(E.U.A.-17);Refined Frozen Cheese Mali Orchestrator;12092;30459;false;transmitting;2020-05-08;2020-05-09;Fully-configurable e-services Cambridgeshire;52820
5;58226;Business-focused;RAM Money Market Account;96594;54910;false;Fantastic Plastic Computer invoice;2020-05-08;2020-05-09;Tactics redundant Pataca;55331
6;34535;Licensed alarm;Bedfordshire JBOD;67479;50726;true;Checking Account auxiliary Awesome Granite Bacon;2020-05-08;2020-05-09;online;39488
7;12962;auxiliary 1080p Track;Mauritius;95297;71443;false;teal;2020-05-09;2020-05-09;Producer bandwidth;86392
8;20607;withdrawal synthesize;wireless Tuna withdrawal;54379;64768;true;Fresh generating;2020-05-09;2020-05-09;Granite utilisation;52844
9;46283;Automotive;Rapid viral extensible;46203;32343;true;Strategist viral;2020-05-08;2020-05-09;compressing;39925
10;33805;Automotive PCI Checking Account;connect Maryland Ameliorated;6601;86300;false;XML;2020-05-08;2020-05-09;Rwanda Franc payment eyeballs;62608
