id;title_photo;description_photo;photo_main;photo_map;photo_location;url_photo;code_photo;image_route;image_route_content_type
1;ADP Mountain Metal;user-facing harness haptic;true;true;true;Frozen Ergonomic Sleek;48877;../fake-data/blob/hipster.png;image/png
2;Handcrafted Metal Computer;Macao Security;false;false;true;neural compress;2629;../fake-data/blob/hipster.png;image/png
3;Auto Loan Account Tasty;West Virginia alarm;false;false;false;Research Security clear-thinking;51077;../fake-data/blob/hipster.png;image/png
4;Unbranded Credit Card Account azure;Manors users olive;false;false;true;Games virtual;32022;../fake-data/blob/hipster.png;image/png
5;Harbor;Congolese Franc Money Market Account;false;true;false;AGP Tuna;71552;../fake-data/blob/hipster.png;image/png
6;Metrics Plastic;programming Granite;true;true;false;Fantastic Steel Fish;34880;../fake-data/blob/hipster.png;image/png
7;mission-critical Mountain;Shoes;false;false;false;Metal Games;21782;../fake-data/blob/hipster.png;image/png
8;Poland Concrete Analyst;Shirt PCI;false;false;false;rich Gorgeous Plastic;17340;../fake-data/blob/hipster.png;image/png
9;Pine;Beauty International;true;false;false;compressing transmitter innovate;55788;../fake-data/blob/hipster.png;image/png
10;Directives Engineer;online service-desk program;true;false;false;Car structure Falls;1258;../fake-data/blob/hipster.png;image/png
