id;title_route;destination;continent;days;weeks;season;budget;category;value_average;description_route_summary;description_route;steps;summary_map;created_at;updated_at;qr_activation
1;Producer action-items Money Market Account;Triple-buffered;ANTARCTICA;62206;98283;AUTUMN;38120;LONELY;79254;Tasty;dynamic Fantastic;35262;District foreground;2020-05-09;2020-05-08;false
2;generating;Fantastic Concrete Pizza;AUSTRALIA;82468;93911;AUTUMN;55159;RELAXATION;594;copy Steel;moderator cyan input;88979;South Dakota;2020-05-08;2020-05-09;false
3;withdrawal ADP deposit;hacking;AMERICANORTH;43232;43215;SUMMER;35715;FOOD;9299;Indian Rupee Washington;alarm vortals Usability;66198;generating;2020-05-08;2020-05-09;false
4;bypassing;synthesizing driver copy;ASIA;78108;63487;SUMMER;77731;NATURE;94020;Future Intranet Handmade Plastic Car;payment infrastructures;43718;Handcrafted Plastic Tuna synthesize Rhode Island;2020-05-08;2020-05-09;false
5;Borders;Horizontal Kroon Savings Account;ASIA;48808;18284;WINTER;21414;ART;25429;Mississippi customized;indexing empower;95765;withdrawal Zimbabwe program;2020-05-09;2020-05-08;true
6;Specialist Shoes;Enterprise-wide AI;ANTARCTICA;30336;37494;AUTUMN;24759;FRIENDS;46030;Handcrafted Granite Shirt back-end Plains;Steel azure;29343;Soft Money Market Account;2020-05-08;2020-05-08;true
7;Refined;evolve;AFRICA;49076;60939;SUMMER;55;FRIENDS;54527;Arizona Court firewall;redefine Salad;96299;Principal;2020-05-09;2020-05-09;true
8;Lead;Regional Utah;ASIA;45364;42033;SPRING;89710;ROMANTIC;96293;Checking Account bluetooth Cambridgeshire;Global;98898;program;2020-05-08;2020-05-09;true
9;parse Avon Chief;Investor Ports Buckinghamshire;ASIA;20216;15839;SUMMER;74379;FRIENDS;65593;copy;mission-critical;47643;Berkshire navigating port;2020-05-09;2020-05-09;true
10;Rupiah;Dam FTP;AFRICA;86521;28361;AUTUMN;89700;RELAXATION;89926;Sleek functionalities Investment Account;incentivize toolset Michigan;12479;Shoes SDD Berkshire;2020-05-08;2020-05-08;false
