id;first_name;last_name;email;telephone;user_name;password;age;biography;created_at;updated_at;follower;followed
1;Braeden;West;Brooks35@gmail.com;7057;payment Canada Automotive;Avon;54376;Jersey;2020-05-09;2020-05-09;57462;87206
2;Jessika;O'Kon;Consuelo.Wiegand11@yahoo.com;86322;analyzer;Future;16255;Checking Account;2020-05-08;2020-05-09;36042;23401
3;Charles;Greenholt;Norris27@hotmail.com;84264;Suriname;synergize strategize navigate;4926;reboot architect navigating;2020-05-09;2020-05-09;94565;59015
4;Adah;Hartmann;Jeromy.Larkin@gmail.com;27571;Handmade Path;invoice;86771;Security;2020-05-09;2020-05-09;29724;10888
5;Angus;Streich;Brandy_Cormier@gmail.com;9426;Cambridgeshire panel;Way Small Fresh Shirt;12992;contingency;2020-05-09;2020-05-09;79913;88539
6;Larue;Zboncak;Meggie_Johnston@gmail.com;32657;executive;Mayotte;39697;Games generate Generic;2020-05-09;2020-05-08;71244;61977
7;Rosalind;Orn;Iva49@gmail.com;78581;navigate bypassing Metrics;Parkways;88449;multi-tasking;2020-05-08;2020-05-09;86922;16076
8;Fred;Lang;Alfreda.Lynch@gmail.com;15277;Intelligent Inlet;bandwidth transmitter Jamaica;80112;didactic Concrete;2020-05-09;2020-05-08;20251;21950
9;Devante;Romaguera;Justus99@gmail.com;72403;back up;Metal International Borders;82416;District EXE;2020-05-08;2020-05-08;21261;9067
10;Everett;Langworth;Brittany53@gmail.com;26645;black;array;21690;paradigms;2020-05-09;2020-05-09;30692;81316
