{
  "generator-jhipster": {
    "promptValues": {
      "packageName": "com.beroutes.aa"
    },
    "jhipsterVersion": "6.8.0",
    "applicationType": "monolith",
    "baseName": "BeRoutesAA",
    "packageName": "com.beroutes.aa",
    "packageFolder": "com/beroutes/aa",
    "serverPort": "8080",
    "authenticationType": "jwt",
    "cacheProvider": "ehcache",
    "enableHibernateCache": true,
    "websocket": false,
    "databaseType": "sql",
    "devDatabaseType": "h2Disk",
    "prodDatabaseType": "mysql",
    "searchEngine": "elasticsearch",
    "messageBroker": false,
    "serviceDiscoveryType": false,
    "buildTool": "maven",
    "enableSwaggerCodegen": false,
    "jwtSecretKey": "NDRjYTNjN2U5YjYwNGRkMmYwZDE4NjRkZjIxNGFmNjg3N2U3OGMyNjA5ZDE0NDI0ODFlYmRhMTk5NGZiOGM3OTBjMDYyOWUzYjk4YTRmMWRkMGY3OTZiMTMyYjUyYzgwYTJiOGJiZTY4MzQ0NGYyMzk2ZDg3MTQxNDAwN2MxYTM=",
    "embeddableLaunchScript": false,
    "useSass": true,
    "clientPackageManager": "npm",
    "clientFramework": "angularX",
    "clientTheme": "none",
    "clientThemeVariant": "",
    "creationTimestamp": 1588289067008,
    "testFrameworks": [],
    "jhiPrefix": "jhi",
    "entitySuffix": "",
    "dtoSuffix": "DTO",
    "otherModules": [],
    "enableTranslation": false,
    "blueprints": []
  }
}
