<?xml version="1.0" encoding="utf-8"?>
<databaseChangeLog
    xmlns="http://www.liquibase.org/xml/ns/dbchangelog"
    xmlns:ext="http://www.liquibase.org/xml/ns/dbchangelog-ext"
    xmlns:xsi="http://www.w3.org/2001/XMLSchema-instance"
    xsi:schemaLocation="http://www.liquibase.org/xml/ns/dbchangelog http://www.liquibase.org/xml/ns/dbchangelog/dbchangelog-3.8.xsd
                        http://www.liquibase.org/xml/ns/dbchangelog-ext http://www.liquibase.org/xml/ns/dbchangelog/dbchangelog-ext.xsd">

        <property name="autoIncrement" value="true"/>

    <!--
        Added the entity TravelRoute.
    -->
    <changeSet id="20200509130500-1" author="jhipster">
        <createTable tableName="travel_route">
            <column name="id" type="bigint" autoIncrement="${autoIncrement}">
                <constraints primaryKey="true" nullable="false"/>
            </column>
            <column name="title_route" type="varchar(255)">
                <constraints nullable="true" />
            </column>
            <column name="destination" type="varchar(255)">
                <constraints nullable="true" />
            </column>
            <column name="continent" type="varchar(255)">
                <constraints nullable="true" />
            </column>
            <column name="days" type="integer">
                <constraints nullable="true" />
            </column>
            <column name="weeks" type="integer">
                <constraints nullable="true" />
            </column>
            <column name="season" type="varchar(255)">
                <constraints nullable="true" />
            </column>
            <column name="budget" type="double">
                <constraints nullable="true" />
            </column>
            <column name="category" type="varchar(255)">
                <constraints nullable="true" />
            </column>
            <column name="value_average" type="double">
                <constraints nullable="true" />
            </column>
            <column name="description_route_summary" type="varchar(255)">
                <constraints nullable="true" />
            </column>
            <column name="description_route" type="varchar(255)">
                <constraints nullable="true" />
            </column>
            <column name="steps" type="integer">
                <constraints nullable="true" />
            </column>
            <column name="summary_map" type="varchar(255)">
                <constraints nullable="true" />
            </column>
            <column name="created_at" type="date">
                <constraints nullable="true" />
            </column>
            <column name="updated_at" type="date">
                <constraints nullable="true" />
            </column>
            <column name="qr_activation" type="boolean">
                <constraints nullable="true" />
            </column>
            <column name="country_id" type="bigint">
                <constraints unique="true" nullable="true" uniqueConstraintName="ux_travel_route_country_id" />
            </column>
            <column name="user_profile_id" type="bigint">
                <constraints nullable="true" />
            </column>
            <!-- jhipster-needle-liquibase-add-column - JHipster will add columns here, do not remove-->
        </createTable>
    </changeSet>

    <changeSet id="20200509130500-1-relations" author="jhipster">

    </changeSet>
    <!-- jhipster-needle-liquibase-add-changeset - JHipster will add changesets here, do not remove-->

    <!--
        Load sample data generated with Faker.js
        - This data can be easily edited using a CSV editor (or even MS Excel) and
          is located in the 'src/main/resources/config/liquibase/fake-data' directory
        - By default this data is applied when running with the JHipster 'dev' profile.
          This can be customized by adding or removing 'faker' in the 'spring.liquibase.contexts'
          Spring Boot configuration key.
    -->
    <changeSet id="20200509130500-1-data" author="jhipster" context="faker">
        <loadData
                  file="config/liquibase/fake-data/travel_route.csv"
                  separator=";"
                  tableName="travel_route">
            <column name="id" type="numeric"/>
            <column name="title_route" type="string"/>
            <column name="destination" type="string"/>
            <column name="continent" type="string"/>
            <column name="days" type="numeric"/>
            <column name="weeks" type="numeric"/>
            <column name="season" type="string"/>
            <column name="budget" type="numeric"/>
            <column name="category" type="string"/>
            <column name="value_average" type="numeric"/>
            <column name="description_route_summary" type="string"/>
            <column name="description_route" type="string"/>
            <column name="steps" type="numeric"/>
            <column name="summary_map" type="string"/>
            <column name="created_at" type="date"/>
            <column name="updated_at" type="date"/>
            <column name="qr_activation" type="boolean"/>
            <!-- jhipster-needle-liquibase-add-loadcolumn - JHipster (and/or extensions) can add load columns here, do not remove-->
        </loadData>
    </changeSet>

</databaseChangeLog>
