{
    "name": "Category",
    "fields": [
        {
            "fieldName": "nameCategory",
            "fieldType": "String"
        },
        {
            "fieldName": "cheap",
            "fieldType": "Boolean"
        },
        {
            "fieldName": "luxury",
            "fieldType": "Boolean"
        },
        {
            "fieldName": "lonely",
            "fieldType": "Boolean"
        },
        {
            "fieldName": "friends",
            "fieldType": "Boolean"
        },
        {
            "fieldName": "romantic",
            "fieldType": "Boolean"
        },
        {
            "fieldName": "kids",
            "fieldType": "Boolean"
        },
        {
            "fieldName": "sport",
            "fieldType": "Boolean"
        },
        {
            "fieldName": "relaxation",
            "fieldType": "Boolean"
        },
        {
            "fieldName": "art",
            "fieldType": "Boolean"
        },
        {
            "fieldName": "food",
            "fieldType": "Boolean"
        },
        {
            "fieldName": "nature",
            "fieldType": "Boolean"
        },
        {
            "fieldName": "city",
            "fieldType": "Boolean"
        }
    ],
    "relationships": [
        {
            "relationshipType": "one-to-one",
            "otherEntityName": "travelRoute",
            "otherEntityRelationshipName": "category",
            "relationshipName": "travelRoute",
            "ownerSide": false
        }
    ],
    "changelogDate": "20200430235400",
    "entityTableName": "category",
    "dto": "no",
    "pagination": "pagination",
    "service": "serviceImpl",
    "jpaMetamodelFiltering": false,
    "fluentMethods": true,
    "readOnly": false,
    "embedded": false,
    "clientRootFolder": "",
    "applications": "*"
}