{
    "name": "Duration",
    "fields": [
        {
            "fieldName": "descriptionDuration",
            "fieldType": "String"
        },
        {
            "fieldName": "minutes",
            "fieldType": "Integer"
        },
        {
            "fieldName": "hours",
            "fieldType": "Integer"
        },
        {
            "fieldName": "days",
            "fieldType": "Integer"
        },
        {
            "fieldName": "weeks",
            "fieldType": "Integer"
        },
        {
            "fieldName": "years",
            "fieldType": "Integer"
        }
    ],
    "relationships": [
        {
            "relationshipType": "one-to-one",
            "otherEntityName": "location",
            "otherEntityRelationshipName": "duration",
            "relationshipName": "location",
            "ownerSide": false
        },
        {
            "relationshipType": "one-to-one",
            "otherEntityName": "travelRoute",
            "otherEntityRelationshipName": "duration",
            "relationshipName": "travelRoute",
            "ownerSide": false
        }
    ],
    "changelogDate": "20200430235300",
    "entityTableName": "duration",
    "dto": "no",
    "pagination": "pagination",
    "service": "serviceImpl",
    "jpaMetamodelFiltering": false,
    "fluentMethods": true,
    "readOnly": false,
    "embedded": false,
    "clientRootFolder": "",
    "applications": "*"
}