{
    "name": "Follower",
    "fields": [
        {
            "fieldName": "accepted",
            "fieldType": "Boolean"
        }
    ],
    "relationships": [
        {
            "relationshipType": "many-to-one",
            "otherEntityName": "userProfile",
            "otherEntityRelationshipName": "follower",
            "relationshipName": "userProfile",
            "otherEntityField": "id"
        }
    ],
    "changelogDate": "20200430235200",
    "entityTableName": "follower",
    "dto": "no",
    "pagination": "pagination",
    "service": "serviceImpl",
    "jpaMetamodelFiltering": false,
    "fluentMethods": true,
    "readOnly": false,
    "embedded": false,
    "clientRootFolder": "",
    "applications": "*"
}