{
    "name": "Location",
    "fields": [
        {
            "fieldName": "stepPosition",
            "fieldType": "Integer"
        },
        {
            "fieldName": "titleLocation",
            "fieldType": "String"
        },
        {
            "fieldName": "descriptionLocation",
            "fieldType": "String"
        },
        {
            "fieldName": "xCoordinate",
            "fieldType": "Double"
        },
        {
            "fieldName": "yCoordinate",
            "fieldType": "Double"
        },
        {
            "fieldName": "stepDuration",
            "fieldType": "String"
        },
        {
            "fieldName": "qrDescription",
            "fieldType": "String"
        },
        {
            "fieldName": "createdAt",
            "fieldType": "LocalDate"
        },
        {
            "fieldName": "updatedAt",
            "fieldType": "LocalDate"
        }
    ],
    "relationships": [
        {
            "relationshipType": "one-to-one",
            "otherEntityName": "duration",
            "otherEntityRelationshipName": "location",
            "relationshipName": "duration",
            "otherEntityField": "id",
            "ownerSide": true
        },
        {
            "relationshipType": "one-to-one",
            "otherEntityName": "country",
            "otherEntityRelationshipName": "location",
            "relationshipName": "country",
            "otherEntityField": "id",
            "ownerSide": true
        },
        {
            "relationshipType": "one-to-one",
            "otherEntityName": "photo",
            "otherEntityRelationshipName": "location",
            "relationshipName": "photo",
            "otherEntityField": "id",
            "ownerSide": true
        },
        {
            "relationshipType": "one-to-one",
            "otherEntityName": "qr",
            "otherEntityRelationshipName": "location",
            "relationshipName": "qr",
            "otherEntityField": "id",
            "ownerSide": true
        },
        {
            "relationshipType": "many-to-one",
            "otherEntityName": "travelRoute",
            "otherEntityRelationshipName": "location",
            "relationshipName": "travelRoute",
            "otherEntityField": "id"
        }
    ],
    "changelogDate": "20200430234900",
    "entityTableName": "location",
    "dto": "no",
    "pagination": "pagination",
    "service": "serviceImpl",
    "jpaMetamodelFiltering": false,
    "fluentMethods": true,
    "readOnly": false,
    "embedded": false,
    "clientRootFolder": "",
    "applications": "*"
}