{
    "name": "Qr",
    "fields": [
        {
            "fieldName": "data1",
            "fieldType": "Double"
        },
        {
            "fieldName": "data2",
            "fieldType": "Double"
        },
        {
            "fieldName": "data3",
            "fieldType": "Double"
        }
    ],
    "relationships": [
        {
            "relationshipType": "one-to-one",
            "otherEntityName": "location",
            "otherEntityRelationshipName": "qr",
            "relationshipName": "location",
            "ownerSide": false
        }
    ],
    "changelogDate": "20200430235700",
    "entityTableName": "qr",
    "dto": "no",
    "pagination": "pagination",
    "service": "serviceImpl",
    "jpaMetamodelFiltering": false,
    "fluentMethods": true,
    "readOnly": false,
    "embedded": false,
    "clientRootFolder": "",
    "applications": "*"
}