{
    "name": "Region",
    "fields": [
        {
            "fieldName": "regionName",
            "fieldType": "String"
        }
    ],
    "relationships": [
        {
            "relationshipType": "one-to-one",
            "otherEntityName": "country",
            "otherEntityRelationshipName": "region",
            "relationshipName": "country",
            "ownerSide": false
        }
    ],
    "changelogDate": "20200430234600",
    "entityTableName": "region",
    "dto": "no",
    "pagination": "pagination",
    "service": "serviceImpl",
    "jpaMetamodelFiltering": false,
    "fluentMethods": true,
    "readOnly": false,
    "embedded": false,
    "clientRootFolder": "",
    "applications": "*"
}