{
    "name": "TravelRoute",
    "fields": [
        {
            "fieldName": "titleRoute",
            "fieldType": "String"
        },
        {
            "fieldName": "destination",
            "fieldType": "String"
        },
        {
            "fieldName": "season",
            "fieldType": "Season",
            "fieldValues": "SPRING,SUMMER,AUTUMN,WINTER"
        },
        {
            "fieldName": "budget",
            "fieldType": "Double"
        },
        {
            "fieldName": "durationSummary",
            "fieldType": "String"
        },
        {
            "fieldName": "descriptionRouteSummary",
            "fieldType": "String"
        },
        {
            "fieldName": "descriptionRoute",
            "fieldType": "String"
        },
        {
            "fieldName": "createdAt",
            "fieldType": "LocalDate"
        },
        {
            "fieldName": "updatedAt",
            "fieldType": "LocalDate"
        }
    ],
    "relationships": [
        {
            "relationshipType": "one-to-one",
            "otherEntityName": "duration",
            "otherEntityRelationshipName": "travelRoute",
            "relationshipName": "duration",
            "otherEntityField": "id",
            "ownerSide": true
        },
        {
            "relationshipType": "one-to-one",
            "otherEntityName": "category",
            "otherEntityRelationshipName": "travelRoute",
            "relationshipName": "category",
            "otherEntityField": "id",
            "ownerSide": true
        },
        {
            "relationshipType": "one-to-many",
            "otherEntityName": "location",
            "otherEntityRelationshipName": "travelRoute",
            "relationshipName": "location"
        },
        {
            "relationshipType": "one-to-many",
            "otherEntityName": "photo",
            "otherEntityRelationshipName": "travelRoute",
            "relationshipName": "photo"
        },
        {
            "relationshipType": "one-to-many",
            "otherEntityName": "valuation",
            "otherEntityRelationshipName": "travelRoute",
            "relationshipName": "valuation"
        },
        {
            "relationshipType": "many-to-one",
            "otherEntityName": "userProfile",
            "otherEntityRelationshipName": "travelRoute",
            "relationshipName": "userProfile",
            "otherEntityField": "id"
        }
    ],
    "changelogDate": "20200430235000",
    "entityTableName": "travel_route",
    "dto": "no",
    "pagination": "pagination",
    "service": "serviceImpl",
    "jpaMetamodelFiltering": false,
    "fluentMethods": true,
    "readOnly": false,
    "embedded": false,
    "clientRootFolder": "",
    "applications": "*"
}