{
    "name": "Valuation",
    "fields": [
        {
            "fieldName": "comment",
            "fieldType": "String"
        },
        {
            "fieldName": "rating",
            "fieldType": "Integer"
        }
    ],
    "relationships": [
        {
            "relationshipType": "many-to-one",
            "otherEntityName": "travelRoute",
            "otherEntityRelationshipName": "valuation",
            "relationshipName": "travelRoute",
            "otherEntityField": "id"
        },
        {
            "relationshipType": "many-to-one",
            "otherEntityName": "userProfile",
            "otherEntityRelationshipName": "valuation",
            "relationshipName": "userProfile",
            "otherEntityField": "id"
        }
    ],
    "changelogDate": "20200430235600",
    "entityTableName": "valuation",
    "dto": "no",
    "pagination": "pagination",
    "service": "serviceImpl",
    "jpaMetamodelFiltering": false,
    "fluentMethods": true,
    "readOnly": false,
    "embedded": false,
    "clientRootFolder": "",
    "applications": "*"
}