<?xml version="1.0" encoding="utf-8"?>
<databaseChangeLog
    xmlns="http://www.liquibase.org/xml/ns/dbchangelog"
    xmlns:xsi="http://www.w3.org/2001/XMLSchema-instance"
    xsi:schemaLocation="http://www.liquibase.org/xml/ns/dbchangelog http://www.liquibase.org/xml/ns/dbchangelog/dbchangelog-3.8.xsd">

    <property name="now" value="now()" dbms="h2"/>
    <property name="now" value="now()" dbms="mysql"/>

    <property name="floatType" value="float4" dbms="postgresql, h2"/>
    <property name="floatType" value="float" dbms="mysql, oracle, mssql, mariadb"/>
    <property name="clobType" value="clob" dbms="h2"/>
    <property name="clobType" value="clob" dbms="mysql, oracle, mssql, mariadb, postgresql"/>
    <property name="uuidType" value="varchar(36)" dbms="h2, mysql, mariadb"/>

    <include file="config/liquibase/changelog/00000000000000_initial_schema.xml" relativeToChangelogFile="false"/>
    <include file="config/liquibase/changelog/20200515120000_added_entity_Country.xml" relativeToChangelogFile="false"/>
    <include file="config/liquibase/changelog/20200515120100_added_entity_Location.xml" relativeToChangelogFile="false"/>
    <include file="config/liquibase/changelog/20200515120200_added_entity_TravelRoute.xml" relativeToChangelogFile="false"/>
    <include file="config/liquibase/changelog/20200515120300_added_entity_UserProfile.xml" relativeToChangelogFile="false"/>
    <include file="config/liquibase/changelog/20200515120400_added_entity_Following.xml" relativeToChangelogFile="false"/>
    <include file="config/liquibase/changelog/20200515120500_added_entity_Photo.xml" relativeToChangelogFile="false"/>
    <include file="config/liquibase/changelog/20200515120600_added_entity_Valuation.xml" relativeToChangelogFile="false"/>
    <include file="config/liquibase/changelog/20200515120700_added_entity_Qr.xml" relativeToChangelogFile="false"/>
    <include file="config/liquibase/changelog/20200515120800_added_entity_Favorite.xml" relativeToChangelogFile="false"/>
    <!-- jhipster-needle-liquibase-add-changelog - JHipster will add liquibase changelogs here -->
    <include file="config/liquibase/changelog/20200515120100_added_entity_constraints_Location.xml" relativeToChangelogFile="false"/>
    <include file="config/liquibase/changelog/20200515120200_added_entity_constraints_TravelRoute.xml" relativeToChangelogFile="false"/>
    <include file="config/liquibase/changelog/20200515120300_added_entity_constraints_UserProfile.xml" relativeToChangelogFile="false"/>
    <include file="config/liquibase/changelog/20200515120400_added_entity_constraints_Following.xml" relativeToChangelogFile="false"/>
    <include file="config/liquibase/changelog/20200515120500_added_entity_constraints_Photo.xml" relativeToChangelogFile="false"/>
    <include file="config/liquibase/changelog/20200515120600_added_entity_constraints_Valuation.xml" relativeToChangelogFile="false"/>
    <include file="config/liquibase/changelog/20200515120700_added_entity_constraints_Qr.xml" relativeToChangelogFile="false"/>
    <include file="config/liquibase/changelog/20200515120800_added_entity_constraints_Favorite.xml" relativeToChangelogFile="false"/>
    <!-- jhipster-needle-liquibase-add-constraints-changelog - JHipster will add liquibase constraints changelogs here -->
</databaseChangeLog>
