id;position;title_location;description_location;x_coordinate;y_coordinate;qr_activation;qr_description;created_at;updated_at;photo_location;photo_location_id
1;53222;cross-platform;Grocery haptic calculate;73788;22113;true;algorithm Pants;2020-05-15;2020-05-14;60283;13018
2;77856;Colombia Licensed Plastic Hat;International Peso Uruguayo Uruguay Peso en Unidades Indexadas;57292;97891;false;Forward Sports Falkland Islands (Malvinas);2020-05-15;2020-05-14;89152;76312
3;39365;port neural;District;60382;15321;false;Representative Car Granite;2020-05-15;2020-05-14;26331;61
4;90908;Concrete leading-edge;SCSI;57997;14430;false;Northern Mariana Islands;2020-05-14;2020-05-14;81654;3247
5;85466;wireless;auxiliary parsing generate;54460;96713;true;analyzer;2020-05-15;2020-05-14;86244;90980
6;39180;Fully-configurable e-services Cambridgeshire;Illinois Business-focused;34461;85346;false;compelling Algeria;2020-05-14;2020-05-15;40893;28235
7;9107;Principal Soft;impactful infomediaries Martinique;34535;63332;false;alarm Missouri fuchsia;2020-05-14;2020-05-14;50726;83838
8;71224;Jewelery Movies;Stream cross-platform;3915;79566;false;Fresh auxiliary;2020-05-14;2020-05-14;48001;86925
9;1209;West Virginia interface;teal;11821;29330;false;synthesize Refined sky blue;2020-05-14;2020-05-15;76720;70778
10;84744;digital payment;Nigeria;58715;36947;false;generating holistic Colorado;2020-05-15;2020-05-15;97702;52844
