id;title_route;destination;continent;days;weeks;season;budget;category;category_two;value_average;description_route_summary;description_route;steps;summary_map;created_at;updated_at;qr_activation
1;Producer action-items Money Market Account;Triple-buffered;ANTARCTICA;62206;98283;AUTUMN;38120;LONELY;CHEAP;40347;iterate solutions;Industrial Ergonomic Fresh Soap;12562;reinvent;2020-05-14;2020-05-14;true
2;compress process improvement;parsing Incredible Fresh Hat;ASIA;51475;77206;AUTUMN;29701;NATURE;CITY;6606;Technician;ADP deposit;18102;Metal payment withdrawal;2020-05-14;2020-05-15;false
3;Home Loan Account;B2B red;AMERICASOUTH;71938;64298;SPRING;82575;FOOD;FOOD;71631;copy;open-source Iceland Krona sticky;11606;payment cross-platform Rufiyaa;2020-05-15;2020-05-14;false
4;payment Fresh Accounts;Up-sized Alaska array;AMERICANORTH;41263;12531;AUTUMN;77150;KIDS;LONELY;60179;Granite;Granite;18284;Australia RAM salmon;2020-05-14;2020-05-15;true
5;Tasty Rubber Pizza mindshare;Borders;AUSTRALIA;38927;28807;WINTER;37776;RELAXATION;ROMANTIC;63081;monitor Track framework;neural Auto Loan Account facilitate;72665;Direct;2020-05-14;2020-05-15;false
6;Product;Program Lithuanian Litas;AUSTRALIA;12269;927;SUMMER;13587;LUXURY;LONELY;49076;compress Games;Wooden;47581;Berkshire;2020-05-14;2020-05-14;false
7;Saint Lucia;Sleek Wooden Fish Namibia;ASIA;92145;97001;SPRING;38355;LUXURY;RELAXATION;38584;Andorra District;Outdoors;72178;Assurance Checking Account;2020-05-14;2020-05-14;true
8;cyan Cambridgeshire Metal;Money Market Account;ANTARCTICA;73137;91677;WINTER;98962;CHEAP;NATURE;74532;generate global;FTP;65593;copy;2020-05-15;2020-05-15;false
9;firewall next-generation;port optimize;ANTARCTICA;31961;61233;WINTER;28361;SPORT;LUXURY;50420;maximize;Administrator Function-based;96626;infrastructures GB;2020-05-15;2020-05-14;false
10;incubate panel;aggregate red Centers;ANTARCTICA;76483;82912;SUMMER;34238;CHEAP;LONELY;70405;implement Cloned;partnerships Fantastic Cotton Bacon;38929;infrastructures;2020-05-15;2020-05-14;false
